{"cameraMode":{"drawMode":0,"name":"Shaded","section":"Shading Mode"},"sceneLighting":true,"audioPlay":false,"sceneViewState":{"showFog":true,"showMaterialUpdate":true,"showSkybox":true,"showFlares":true,"showImageEffects":true,"showParticleSystems":true},"in2DMode":false,"pivot":{"x":6.815558433532715,"y":-5.503063201904297,"z":-8.936019897460938},"rotation":{"x":-0.09025422483682633,"y":-0.6657138466835022,"z":0.08136805891990662,"w":-0.7363520264625549},"size":97.20182037353516,"orthographic":false}